
{
  "antibiotics": [],
  "branches": [],
  "categories": [],
  "convenios": [],
  "credit_notes": [],
  "culture_options": [],
  "cultures": [],
  "doctors": [],
  "employees": [],
  "expenses": [],
  "operations": [],
  "packages": [],
  "patients": [],
  "products": [],
  "providers": [],
  "purchases": [],
  "quotes": [],
  "recibos": [],
  "settings": [],
  "studies": [],
  "roles": [
    { "id": 1, "name": "Administrador de Sistema" },
    { "id": 2, "name": "Recepcionista" },
    { "id": 3, "name": "Químico Analista" }
  ],
  "permissions": []
}
